{
  "name": "warzone/1911-vg.png",
  "bucket": "default-bucket",
  "contentType": "image/png",
  "metageneration": 1,
  "generation": 1642388416720,
  "storageClass": "STANDARD",
  "etag": "someETag",
  "contentDisposition": "inline",
  "contentEncoding": "identity",
  "downloadTokens": [
    "4b194910-8d23-4593-993c-109f2ebff7e8"
  ],
  "timeCreated": "2022-01-17T03:00:16.719Z",
  "updated": "2022-01-17T03:00:16.719Z",
  "size": 11106,
  "md5Hash": "eJp8XtY6Qo6y9xOCTr3HNA==",
  "crc32c": "595612727"
}