{
  "name": "warzone/1911-cw.png",
  "bucket": "default-bucket",
  "contentType": "image/png",
  "metageneration": 1,
  "generation": 1642388416714,
  "storageClass": "STANDARD",
  "etag": "someETag",
  "contentDisposition": "inline",
  "contentEncoding": "identity",
  "downloadTokens": [
    "bc65ddab-1f23-4a1e-8cc3-b4226a389462"
  ],
  "timeCreated": "2022-01-17T03:00:16.713Z",
  "updated": "2022-01-17T03:00:16.715Z",
  "size": 32739,
  "md5Hash": "oOQRw423SLzgPPAya92m0g==",
  "crc32c": "2179574424"
}