{
  "name": "warzone/1911-mw.png",
  "bucket": "default-bucket",
  "contentType": "image/png",
  "metageneration": 1,
  "generation": 1642388416709,
  "storageClass": "STANDARD",
  "etag": "someETag",
  "contentDisposition": "inline",
  "contentEncoding": "identity",
  "downloadTokens": [
    "15e35ee9-fb7f-4577-be3a-13b013f76b64"
  ],
  "timeCreated": "2022-01-17T03:00:16.708Z",
  "updated": "2022-01-17T03:00:16.711Z",
  "size": 46298,
  "md5Hash": "DRfOo0ohcTbcn39ti4Fuuw==",
  "crc32c": "1249332566"
}