{
  "name": "warzone/357.png",
  "bucket": "default-bucket",
  "contentType": "image/png",
  "metageneration": 1,
  "generation": 1642388416726,
  "storageClass": "STANDARD",
  "etag": "someETag",
  "contentDisposition": "inline",
  "contentEncoding": "identity",
  "downloadTokens": [
    "52d572e5-b34e-43c3-844d-8bb851b69d17"
  ],
  "timeCreated": "2022-01-17T03:00:16.725Z",
  "updated": "2022-01-17T03:00:16.725Z",
  "size": 43507,
  "md5Hash": "kfwjM3XQNUQ4HHSjwG3vfA==",
  "crc32c": "3963848431"
}