{
  "name": "warzone/ak-47-mw.png",
  "bucket": "default-bucket",
  "contentType": "image/png",
  "metageneration": 1,
  "generation": 1642388416753,
  "storageClass": "STANDARD",
  "etag": "someETag",
  "contentDisposition": "inline",
  "contentEncoding": "identity",
  "downloadTokens": [
    "cbbfbf9a-bd05-4fc5-b0aa-94d6972a27db"
  ],
  "timeCreated": "2022-01-17T03:00:16.752Z",
  "updated": "2022-01-17T03:00:16.752Z",
  "size": 76779,
  "md5Hash": "K1v8SyjmFe9PS3wd9vmElA==",
  "crc32c": "4177367115"
}