{
  "name": "warzone/amp63.png",
  "bucket": "default-bucket",
  "contentType": "image/png",
  "metageneration": 1,
  "generation": 1642388416762,
  "storageClass": "STANDARD",
  "etag": "someETag",
  "contentDisposition": "inline",
  "contentEncoding": "identity",
  "downloadTokens": [
    "2b51d187-66a6-40d0-b618-9b77065f31ac"
  ],
  "timeCreated": "2022-01-17T03:00:16.761Z",
  "updated": "2022-01-17T03:00:16.761Z",
  "size": 34233,
  "md5Hash": "KKu3F3HA4rW6+Dwuzmm6qA==",
  "crc32c": "1287245089"
}