{
  "name": "warzone/aug-cw.png",
  "bucket": "default-bucket",
  "contentType": "image/png",
  "metageneration": 1,
  "generation": 1642388416793,
  "storageClass": "STANDARD",
  "etag": "someETag",
  "contentDisposition": "inline",
  "contentEncoding": "identity",
  "downloadTokens": [
    "3848f1d7-88cd-4e00-ad9d-29bd27f50245"
  ],
  "timeCreated": "2022-01-17T03:00:16.792Z",
  "updated": "2022-01-17T03:00:16.792Z",
  "size": 45439,
  "md5Hash": "KmEO17tSdpDnRczcKtfj4w==",
  "crc32c": "436183145"
}