{
  "name": "warzone/aug-mw.png",
  "bucket": "default-bucket",
  "contentType": "image/png",
  "metageneration": 1,
  "generation": 1642388416810,
  "storageClass": "STANDARD",
  "etag": "someETag",
  "contentDisposition": "inline",
  "contentEncoding": "identity",
  "downloadTokens": [
    "b4213e98-38d3-4a93-b60d-2ad1406ce7c5"
  ],
  "timeCreated": "2022-01-17T03:00:16.809Z",
  "updated": "2022-01-17T03:00:16.810Z",
  "size": 81688,
  "md5Hash": "U1Y1jr4VyByoDZJK7h2Abw==",
  "crc32c": "704944050"
}