{
  "name": "warzone/bren.png",
  "bucket": "default-bucket",
  "contentType": "image/png",
  "metageneration": 1,
  "generation": 1642388416830,
  "storageClass": "STANDARD",
  "etag": "someETag",
  "contentDisposition": "inline",
  "contentEncoding": "identity",
  "downloadTokens": [
    "b213e45b-3d1e-417f-943f-81d2f3962205"
  ],
  "timeCreated": "2022-01-17T03:00:16.829Z",
  "updated": "2022-01-17T03:00:16.829Z",
  "size": 15062,
  "md5Hash": "ie4gobqPB4//x9ICo0PRMg==",
  "crc32c": "411857557"
}