{
  "name": "warzone/bruen-mk9.png",
  "bucket": "default-bucket",
  "contentType": "image/png",
  "metageneration": 1,
  "generation": 1642388416839,
  "storageClass": "STANDARD",
  "etag": "someETag",
  "contentDisposition": "inline",
  "contentEncoding": "identity",
  "downloadTokens": [
    "ed9499a3-42fe-4098-b185-cfa7869c888a"
  ],
  "timeCreated": "2022-01-17T03:00:16.838Z",
  "updated": "2022-01-17T03:00:16.839Z",
  "size": 68448,
  "md5Hash": "xg+QHJ+Ro0HUUn37HK4IhQ==",
  "crc32c": "2884336144"
}