{
  "name": "warzone/bullfrog.png",
  "bucket": "default-bucket",
  "contentType": "image/png",
  "metageneration": 1,
  "generation": 1642388416846,
  "storageClass": "STANDARD",
  "etag": "someETag",
  "contentDisposition": "inline",
  "contentEncoding": "identity",
  "downloadTokens": [
    "fe914738-bad5-4dcd-b244-a4b994cd4e49"
  ],
  "timeCreated": "2022-01-17T03:00:16.845Z",
  "updated": "2022-01-17T03:00:16.845Z",
  "size": 40657,
  "md5Hash": "qz/kABxokuZ5yRG8y9Qh1Q==",
  "crc32c": "3317686305"
}