{
  "name": "warzone/carv2.png",
  "bucket": "default-bucket",
  "contentType": "image/png",
  "metageneration": 1,
  "generation": 1642388416872,
  "storageClass": "STANDARD",
  "etag": "someETag",
  "contentDisposition": "inline",
  "contentEncoding": "identity",
  "downloadTokens": [
    "18d5afbe-aa5f-4eb1-a8e1-2c20a16ffaf6"
  ],
  "timeCreated": "2022-01-17T03:00:16.871Z",
  "updated": "2022-01-17T03:00:16.871Z",
  "size": 85150,
  "md5Hash": "/gYMDEV4Ac3I/XuF2SByWg==",
  "crc32c": "2134334462"
}