{
  "name": "warzone/combat-shield.png",
  "bucket": "default-bucket",
  "contentType": "image/png",
  "metageneration": 1,
  "generation": 1642388416863,
  "storageClass": "STANDARD",
  "etag": "someETag",
  "contentDisposition": "inline",
  "contentEncoding": "identity",
  "downloadTokens": [
    "3cddb06e-2a1f-4043-b16a-d4874529e8c3"
  ],
  "timeCreated": "2022-01-17T03:00:16.862Z",
  "updated": "2022-01-17T03:00:16.862Z",
  "size": 9365,
  "md5Hash": "kfJDKgVfcg9189uuls0vbQ==",
  "crc32c": "2263048961"
}