{
  "name": "warzone/cooper-carbine.png",
  "bucket": "default-bucket",
  "contentType": "image/png",
  "metageneration": 1,
  "generation": 1642388417164,
  "storageClass": "STANDARD",
  "etag": "someETag",
  "contentDisposition": "inline",
  "contentEncoding": "identity",
  "downloadTokens": [
    "cd61b6ae-9921-4f2a-8be0-2730c12d4044"
  ],
  "timeCreated": "2022-01-17T03:00:17.163Z",
  "updated": "2022-01-17T03:00:17.163Z",
  "size": 14115,
  "md5Hash": "2YKTCuFxMYRcVVxvJGcksA==",
  "crc32c": "1795387996"
}