{
  "name": "warzone/cr-56-amax.png",
  "bucket": "default-bucket",
  "contentType": "image/png",
  "metageneration": 1,
  "generation": 1642388417167,
  "storageClass": "STANDARD",
  "etag": "someETag",
  "contentDisposition": "inline",
  "contentEncoding": "identity",
  "downloadTokens": [
    "e7203fc7-10f7-48ed-b608-422238b9d0a6"
  ],
  "timeCreated": "2022-01-17T03:00:17.166Z",
  "updated": "2022-01-17T03:00:17.166Z",
  "size": 25775,
  "md5Hash": "tb8qY5kOEV3TSUEsCPRlQg==",
  "crc32c": "523213607"
}