{
  "name": "warzone/crossbow.png",
  "bucket": "default-bucket",
  "contentType": "image/png",
  "metageneration": 1,
  "generation": 1642388417151,
  "storageClass": "STANDARD",
  "etag": "someETag",
  "contentDisposition": "inline",
  "contentEncoding": "identity",
  "downloadTokens": [
    "db10a12d-5889-41ea-839d-abe47e6cd5ff"
  ],
  "timeCreated": "2022-01-17T03:00:17.150Z",
  "updated": "2022-01-17T03:00:17.151Z",
  "size": 71871,
  "md5Hash": "vD05nrSFh5tsn2nBBqSkXA==",
  "crc32c": "842739405"
}