{
  "name": "warzone/diamatti.png",
  "bucket": "default-bucket",
  "contentType": "image/png",
  "metageneration": 1,
  "generation": 1642388417154,
  "storageClass": "STANDARD",
  "etag": "someETag",
  "contentDisposition": "inline",
  "contentEncoding": "identity",
  "downloadTokens": [
    "70e05b55-4205-4495-a306-ca380fb3fb74"
  ],
  "timeCreated": "2022-01-17T03:00:17.153Z",
  "updated": "2022-01-17T03:00:17.153Z",
  "size": 33172,
  "md5Hash": "8mH7Jm/1aI75J7uVrD6jDg==",
  "crc32c": "3960997309"
}