{
  "name": "warzone/ebr-14.png",
  "bucket": "default-bucket",
  "contentType": "image/png",
  "metageneration": 1,
  "generation": 1642388417200,
  "storageClass": "STANDARD",
  "etag": "someETag",
  "contentDisposition": "inline",
  "contentEncoding": "identity",
  "downloadTokens": [
    "53666dc4-6e68-4924-8776-41cc8d97dd5c"
  ],
  "timeCreated": "2022-01-17T03:00:17.199Z",
  "updated": "2022-01-17T03:00:17.200Z",
  "size": 53638,
  "md5Hash": "Uclixs7nhS9zPS2wfLB/vA==",
  "crc32c": "3191046321"
}