{
  "name": "warzone/einhorn-revolving.png",
  "bucket": "default-bucket",
  "contentType": "image/png",
  "metageneration": 1,
  "generation": 1642388417209,
  "storageClass": "STANDARD",
  "etag": "someETag",
  "contentDisposition": "inline",
  "contentEncoding": "identity",
  "downloadTokens": [
    "2bd76a00-953f-4fed-985b-101f7f56984b"
  ],
  "timeCreated": "2022-01-17T03:00:17.208Z",
  "updated": "2022-01-17T03:00:17.209Z",
  "size": 12833,
  "md5Hash": "lEhYS8BId5E2C861YMwN6Q==",
  "crc32c": "374695774"
}