{
  "name": "warzone/em2.png",
  "bucket": "default-bucket",
  "contentType": "image/png",
  "metageneration": 1,
  "generation": 1642388417232,
  "storageClass": "STANDARD",
  "etag": "someETag",
  "contentDisposition": "inline",
  "contentEncoding": "identity",
  "downloadTokens": [
    "d7a8dda1-bfa9-4669-ae45-905163822ad6"
  ],
  "timeCreated": "2022-01-17T03:00:17.231Z",
  "updated": "2022-01-17T03:00:17.231Z",
  "size": 39878,
  "md5Hash": "a49DpG68CmdL5G9arq/PyQ==",
  "crc32c": "932162868"
}