{
  "name": "warzone/fal.png",
  "bucket": "default-bucket",
  "contentType": "image/png",
  "metageneration": 1,
  "generation": 1642388417246,
  "storageClass": "STANDARD",
  "etag": "someETag",
  "contentDisposition": "inline",
  "contentEncoding": "identity",
  "downloadTokens": [
    "db8bfcdc-511b-49be-a4b8-c6448bf6a036"
  ],
  "timeCreated": "2022-01-17T03:00:17.245Z",
  "updated": "2022-01-17T03:00:17.245Z",
  "size": 46910,
  "md5Hash": "QlPkkDtg/X1izh0zNGMmYg==",
  "crc32c": "4104617199"
}