{
  "name": "warzone/fara-83.png",
  "bucket": "default-bucket",
  "contentType": "image/png",
  "metageneration": 1,
  "generation": 1642388417270,
  "storageClass": "STANDARD",
  "etag": "someETag",
  "contentDisposition": "inline",
  "contentEncoding": "identity",
  "downloadTokens": [
    "0dcbb80d-8752-4b7c-a906-b5824478ca03"
  ],
  "timeCreated": "2022-01-17T03:00:17.269Z",
  "updated": "2022-01-17T03:00:17.270Z",
  "size": 43634,
  "md5Hash": "t4SsVX7kk9KHSKyoWgFYcQ==",
  "crc32c": "2776137506"
}