{
  "name": "warzone/ffar1.png",
  "bucket": "default-bucket",
  "contentType": "image/png",
  "metageneration": 1,
  "generation": 1642388417258,
  "storageClass": "STANDARD",
  "etag": "someETag",
  "contentDisposition": "inline",
  "contentEncoding": "identity",
  "downloadTokens": [
    "855c0120-43b6-48c1-a4a2-0f5cf9b70666"
  ],
  "timeCreated": "2022-01-17T03:00:17.257Z",
  "updated": "2022-01-17T03:00:17.258Z",
  "size": 51524,
  "md5Hash": "MEEwRujlrv9JjebZPTpjow==",
  "crc32c": "3919741226"
}