{
  "name": "warzone/finn.png",
  "bucket": "default-bucket",
  "contentType": "image/png",
  "metageneration": 1,
  "generation": 1642388417289,
  "storageClass": "STANDARD",
  "etag": "someETag",
  "contentDisposition": "inline",
  "contentEncoding": "identity",
  "downloadTokens": [
    "23931b18-049e-4ef1-9173-c248e07ee31c"
  ],
  "timeCreated": "2022-01-17T03:00:17.288Z",
  "updated": "2022-01-17T03:00:17.288Z",
  "size": 65074,
  "md5Hash": "3Opmz0pR5vGGL7MDglADpQ==",
  "crc32c": "1590221932"
}