{
  "name": "warzone/fr-556.png",
  "bucket": "default-bucket",
  "contentType": "image/png",
  "metageneration": 1,
  "generation": 1642388417294,
  "storageClass": "STANDARD",
  "etag": "someETag",
  "contentDisposition": "inline",
  "contentEncoding": "identity",
  "downloadTokens": [
    "2cbc30ab-f384-45a6-bd19-1540b1a3b002"
  ],
  "timeCreated": "2022-01-17T03:00:17.293Z",
  "updated": "2022-01-17T03:00:17.293Z",
  "size": 90383,
  "md5Hash": "ewHxWhUTVgtWdHBay5iIXw==",
  "crc32c": "4064683027"
}