{
  "name": "warzone/fs-fighting-knife.png",
  "bucket": "default-bucket",
  "contentType": "image/png",
  "metageneration": 1,
  "generation": 1642388417300,
  "storageClass": "STANDARD",
  "etag": "someETag",
  "contentDisposition": "inline",
  "contentEncoding": "identity",
  "downloadTokens": [
    "9f3c163f-9286-411e-ab9d-a48dcb637b38"
  ],
  "timeCreated": "2022-01-17T03:00:17.299Z",
  "updated": "2022-01-17T03:00:17.299Z",
  "size": 2958,
  "md5Hash": "BW2J0w8zDoqFxrBpCTgvIQ==",
  "crc32c": "3443788709"
}