{
  "name": "warzone/gallo-sa12.png",
  "bucket": "default-bucket",
  "contentType": "image/png",
  "metageneration": 1,
  "generation": 1642388417444,
  "storageClass": "STANDARD",
  "etag": "someETag",
  "contentDisposition": "inline",
  "contentEncoding": "identity",
  "downloadTokens": [
    "553bc12d-dd8a-44d6-adda-5fe7de355e8f"
  ],
  "timeCreated": "2022-01-17T03:00:17.443Z",
  "updated": "2022-01-17T03:00:17.443Z",
  "size": 32536,
  "md5Hash": "hEoDBgBjwGb8lYFtVyB9kA==",
  "crc32c": "3290202709"
}