{
  "name": "warzone/gracey-auto.png",
  "bucket": "default-bucket",
  "contentType": "image/png",
  "metageneration": 1,
  "generation": 1642388417451,
  "storageClass": "STANDARD",
  "etag": "someETag",
  "contentDisposition": "inline",
  "contentEncoding": "identity",
  "downloadTokens": [
    "e24ae2e5-80ef-4433-b854-b3d5b0858653"
  ],
  "timeCreated": "2022-01-17T03:00:17.450Z",
  "updated": "2022-01-17T03:00:17.450Z",
  "size": 11923,
  "md5Hash": "8E3CeE10xKN/1hQF3S/pjg==",
  "crc32c": "4162045608"
}