{
  "name": "warzone/groza.png",
  "bucket": "default-bucket",
  "contentType": "image/png",
  "metageneration": 1,
  "generation": 1642388417514,
  "storageClass": "STANDARD",
  "etag": "someETag",
  "contentDisposition": "inline",
  "contentEncoding": "identity",
  "downloadTokens": [
    "fd5b48cb-fa3d-414f-9f34-46fafc761f1a"
  ],
  "timeCreated": "2022-01-17T03:00:17.513Z",
  "updated": "2022-01-17T03:00:17.514Z",
  "size": 58319,
  "md5Hash": "Dr7+4snWsK9HRAidJIEESw==",
  "crc32c": "510096489"
}