{
  "name": "warzone/holger-26.png",
  "bucket": "default-bucket",
  "contentType": "image/png",
  "metageneration": 1,
  "generation": 1642388417526,
  "storageClass": "STANDARD",
  "etag": "someETag",
  "contentDisposition": "inline",
  "contentEncoding": "identity",
  "downloadTokens": [
    "7e7ddead-dccb-4d60-952f-71d9b4a1dd77"
  ],
  "timeCreated": "2022-01-17T03:00:17.525Z",
  "updated": "2022-01-17T03:00:17.525Z",
  "size": 60415,
  "md5Hash": "+81TpPk4vTw0LljTnuXCug==",
  "crc32c": "1060774237"
}