{
  "name": "warzone/iso.png",
  "bucket": "default-bucket",
  "contentType": "image/png",
  "metageneration": 1,
  "generation": 1642388417544,
  "storageClass": "STANDARD",
  "etag": "someETag",
  "contentDisposition": "inline",
  "contentEncoding": "identity",
  "downloadTokens": [
    "3a7fa1ec-05b5-48cc-8c6e-ab474e50112e"
  ],
  "timeCreated": "2022-01-17T03:00:17.543Z",
  "updated": "2022-01-17T03:00:17.544Z",
  "size": 64157,
  "md5Hash": "u6wzWi75PDzqPuJ0BK6Njw==",
  "crc32c": "341788057"
}