{
  "name": "warzone/jak-12.png",
  "bucket": "default-bucket",
  "contentType": "image/png",
  "metageneration": 1,
  "generation": 1642388417553,
  "storageClass": "STANDARD",
  "etag": "someETag",
  "contentDisposition": "inline",
  "contentEncoding": "identity",
  "downloadTokens": [
    "62e2d864-74fe-4f8c-802d-192a1be3f4b7"
  ],
  "timeCreated": "2022-01-17T03:00:17.552Z",
  "updated": "2022-01-17T03:00:17.552Z",
  "size": 83625,
  "md5Hash": "zvbgi9oLUp9HTSNWrgImHg==",
  "crc32c": "2022037368"
}