{
  "name": "warzone/kar98k-vg.png",
  "bucket": "default-bucket",
  "contentType": "image/png",
  "metageneration": 1,
  "generation": 1642388417547,
  "storageClass": "STANDARD",
  "etag": "someETag",
  "contentDisposition": "inline",
  "contentEncoding": "identity",
  "downloadTokens": [
    "681d018a-7747-425e-a2cc-8e110f53c93f"
  ],
  "timeCreated": "2022-01-17T03:00:17.546Z",
  "updated": "2022-01-17T03:00:17.546Z",
  "size": 12493,
  "md5Hash": "nBoq6ONDFB6i76JqWO9lQA==",
  "crc32c": "3726790329"
}