{
  "name": "warzone/kar98k.png",
  "bucket": "default-bucket",
  "contentType": "image/png",
  "metageneration": 1,
  "generation": 1642388417575,
  "storageClass": "STANDARD",
  "etag": "someETag",
  "contentDisposition": "inline",
  "contentEncoding": "identity",
  "downloadTokens": [
    "a1b491ab-8e77-4350-b4a4-4f77724ac065"
  ],
  "timeCreated": "2022-01-17T03:00:17.574Z",
  "updated": "2022-01-17T03:00:17.574Z",
  "size": 37936,
  "md5Hash": "d0CldUyaMf8kJ0eKtK88Fw==",
  "crc32c": "1020720168"
}