{
  "name": "warzone/kilo-141.png",
  "bucket": "default-bucket",
  "contentType": "image/png",
  "metageneration": 1,
  "generation": 1642388417610,
  "storageClass": "STANDARD",
  "etag": "someETag",
  "contentDisposition": "inline",
  "contentEncoding": "identity",
  "downloadTokens": [
    "d65a130d-d08e-4c23-818a-6b6c73c6fb93"
  ],
  "timeCreated": "2022-01-17T03:00:17.609Z",
  "updated": "2022-01-17T03:00:17.609Z",
  "size": 72291,
  "md5Hash": "Dsd2c1W7ftZFdm60TjSd6w==",
  "crc32c": "1022295198"
}