{
  "name": "warzone/krig-6.png",
  "bucket": "default-bucket",
  "contentType": "image/png",
  "metageneration": 1,
  "generation": 1642388417593,
  "storageClass": "STANDARD",
  "etag": "someETag",
  "contentDisposition": "inline",
  "contentEncoding": "identity",
  "downloadTokens": [
    "f1865fb9-3a8e-4788-91ad-997707329806"
  ],
  "timeCreated": "2022-01-17T03:00:17.592Z",
  "updated": "2022-01-17T03:00:17.592Z",
  "size": 37593,
  "md5Hash": "H1NWFiyT0CuGj+fyrW/FIA==",
  "crc32c": "2180857912"
}