{
  "name": "warzone/ksp-45.png",
  "bucket": "default-bucket",
  "contentType": "image/png",
  "metageneration": 1,
  "generation": 1642388417620,
  "storageClass": "STANDARD",
  "etag": "someETag",
  "contentDisposition": "inline",
  "contentEncoding": "identity",
  "downloadTokens": [
    "8ceb0d8d-fba9-4243-a281-66d5bb12bcec"
  ],
  "timeCreated": "2022-01-17T03:00:17.619Z",
  "updated": "2022-01-17T03:00:17.620Z",
  "size": 56605,
  "md5Hash": "/eAUG8czQNJvxTUUvPn6qA==",
  "crc32c": "3366068372"
}