{
  "name": "warzone/lapa.png",
  "bucket": "default-bucket",
  "contentType": "image/png",
  "metageneration": 1,
  "generation": 1642388417604,
  "storageClass": "STANDARD",
  "etag": "someETag",
  "contentDisposition": "inline",
  "contentEncoding": "identity",
  "downloadTokens": [
    "0f57d481-164c-4843-9ce0-8271c6a6ceca"
  ],
  "timeCreated": "2022-01-17T03:00:17.603Z",
  "updated": "2022-01-17T03:00:17.604Z",
  "size": 31511,
  "md5Hash": "MiMw7cFEG9B2gNIsS6LfQQ==",
  "crc32c": "1469171845"
}