{
  "name": "warzone/lc10.png",
  "bucket": "default-bucket",
  "contentType": "image/png",
  "metageneration": 1,
  "generation": 1642388417624,
  "storageClass": "STANDARD",
  "etag": "someETag",
  "contentDisposition": "inline",
  "contentEncoding": "identity",
  "downloadTokens": [
    "0c1ed0dd-fabb-4ef2-8ebd-cf8ff563cb60"
  ],
  "timeCreated": "2022-01-17T03:00:17.623Z",
  "updated": "2022-01-17T03:00:17.623Z",
  "size": 48003,
  "md5Hash": "cTP0Ab/BKDM/Y2CQKEDNlg==",
  "crc32c": "3180744824"
}