{
  "name": "warzone/lw3-tundra.png",
  "bucket": "default-bucket",
  "contentType": "image/png",
  "metageneration": 1,
  "generation": 1642388417636,
  "storageClass": "STANDARD",
  "etag": "someETag",
  "contentDisposition": "inline",
  "contentEncoding": "identity",
  "downloadTokens": [
    "f5e18ffd-f6a6-4eb0-9670-9a1a2d000f1e"
  ],
  "timeCreated": "2022-01-17T03:00:17.635Z",
  "updated": "2022-01-17T03:00:17.635Z",
  "size": 36290,
  "md5Hash": "E4cuRQmKenFGJsLZNGA2Pg==",
  "crc32c": "1439868502"
}