{
  "name": "warzone/m1-bazooka.png",
  "bucket": "default-bucket",
  "contentType": "image/png",
  "metageneration": 1,
  "generation": 1642388417645,
  "storageClass": "STANDARD",
  "etag": "someETag",
  "contentDisposition": "inline",
  "contentEncoding": "identity",
  "downloadTokens": [
    "ba1422ba-b38f-498b-8615-713bd8465564"
  ],
  "timeCreated": "2022-01-17T03:00:17.644Z",
  "updated": "2022-01-17T03:00:17.644Z",
  "size": 4978,
  "md5Hash": "xPWB6cLfahMJ82qDg0MZWQ==",
  "crc32c": "3195006037"
}