{
  "name": "warzone/m1-garand.png",
  "bucket": "default-bucket",
  "contentType": "image/png",
  "metageneration": 1,
  "generation": 1642388417655,
  "storageClass": "STANDARD",
  "etag": "someETag",
  "contentDisposition": "inline",
  "contentEncoding": "identity",
  "downloadTokens": [
    "81bc6ab5-1a30-49d4-af63-a67b46757480"
  ],
  "timeCreated": "2022-01-17T03:00:17.654Z",
  "updated": "2022-01-17T03:00:17.654Z",
  "size": 12183,
  "md5Hash": "eomKrnsVc1yLPVkDTyNmSg==",
  "crc32c": "3600581583"
}