{
  "name": "warzone/m13.png",
  "bucket": "default-bucket",
  "contentType": "image/png",
  "metageneration": 1,
  "generation": 1642388417672,
  "storageClass": "STANDARD",
  "etag": "someETag",
  "contentDisposition": "inline",
  "contentEncoding": "identity",
  "downloadTokens": [
    "20b42873-280c-4098-a864-3e8c084b86ce"
  ],
  "timeCreated": "2022-01-17T03:00:17.671Z",
  "updated": "2022-01-17T03:00:17.672Z",
  "size": 68741,
  "md5Hash": "yca9n2qqjEFFQ7hoN+XkKw==",
  "crc32c": "3048071244"
}