{
  "name": "warzone/m19.png",
  "bucket": "default-bucket",
  "contentType": "image/png",
  "metageneration": 1,
  "generation": 1642388417663,
  "storageClass": "STANDARD",
  "etag": "someETag",
  "contentDisposition": "inline",
  "contentEncoding": "identity",
  "downloadTokens": [
    "42dbab31-fd4b-4d63-8dc1-f29fb66521e2"
  ],
  "timeCreated": "2022-01-17T03:00:17.662Z",
  "updated": "2022-01-17T03:00:17.663Z",
  "size": 40714,
  "md5Hash": "iyULHTEgZ3XJiUonlW47Dg==",
  "crc32c": "2664804787"
}