{
  "name": "warzone/m1928.png",
  "bucket": "default-bucket",
  "contentType": "image/png",
  "metageneration": 1,
  "generation": 1642388417679,
  "storageClass": "STANDARD",
  "etag": "someETag",
  "contentDisposition": "inline",
  "contentEncoding": "identity",
  "downloadTokens": [
    "a7d62aad-3abe-4cfd-a8ea-93a8f4869525"
  ],
  "timeCreated": "2022-01-17T03:00:17.678Z",
  "updated": "2022-01-17T03:00:17.678Z",
  "size": 14979,
  "md5Hash": "8rxDY4mhc8lnJKQ1mS37yw==",
  "crc32c": "69326009"
}