{
  "name": "warzone/m4a1.png",
  "bucket": "default-bucket",
  "contentType": "image/png",
  "metageneration": 1,
  "generation": 1642388417687,
  "storageClass": "STANDARD",
  "etag": "someETag",
  "contentDisposition": "inline",
  "contentEncoding": "identity",
  "downloadTokens": [
    "5fa1d7b7-2ab5-4a00-b4a5-00f9be3047c4"
  ],
  "timeCreated": "2022-01-17T03:00:17.686Z",
  "updated": "2022-01-17T03:00:17.686Z",
  "size": 71201,
  "md5Hash": "64u+TvtqMbzWKS3Vf1y72w==",
  "crc32c": "570570415"
}