{
  "name": "warzone/m60.png",
  "bucket": "default-bucket",
  "contentType": "image/png",
  "metageneration": 1,
  "generation": 1642388417721,
  "storageClass": "STANDARD",
  "etag": "someETag",
  "contentDisposition": "inline",
  "contentEncoding": "identity",
  "downloadTokens": [
    "2f4de1ba-b8e8-4802-8369-f08b8ab6d57b"
  ],
  "timeCreated": "2022-01-17T03:00:17.720Z",
  "updated": "2022-01-17T03:00:17.720Z",
  "size": 52047,
  "md5Hash": "RgNg7fgAvWPxUm2bD42KAQ==",
  "crc32c": "3703137718"
}