{
  "name": "warzone/m82.png",
  "bucket": "default-bucket",
  "contentType": "image/png",
  "metageneration": 1,
  "generation": 1642388417730,
  "storageClass": "STANDARD",
  "etag": "someETag",
  "contentDisposition": "inline",
  "contentEncoding": "identity",
  "downloadTokens": [
    "8438e5e1-42f3-4575-953b-c12d59bddc32"
  ],
  "timeCreated": "2022-01-17T03:00:17.729Z",
  "updated": "2022-01-17T03:00:17.730Z",
  "size": 36033,
  "md5Hash": "+3gdWNRb7W5H4kGv+fYHtA==",
  "crc32c": "4150707146"
}