{
  "name": "warzone/mac-10.png",
  "bucket": "default-bucket",
  "contentType": "image/png",
  "metageneration": 1,
  "generation": 1642388417715,
  "storageClass": "STANDARD",
  "etag": "someETag",
  "contentDisposition": "inline",
  "contentEncoding": "identity",
  "downloadTokens": [
    "33241644-b62f-49e9-aa0e-31e25c1dc149"
  ],
  "timeCreated": "2022-01-17T03:00:17.714Z",
  "updated": "2022-01-17T03:00:17.714Z",
  "size": 31249,
  "md5Hash": "YSgyLGuqluvRsyb9EYFCow==",
  "crc32c": "525901078"
}