{
  "name": "warzone/machine-pistol.png",
  "bucket": "default-bucket",
  "contentType": "image/png",
  "metageneration": 1,
  "generation": 1642388417717,
  "storageClass": "STANDARD",
  "etag": "someETag",
  "contentDisposition": "inline",
  "contentEncoding": "identity",
  "downloadTokens": [
    "b922f03f-2ba4-4cdb-a62d-f43816aad06f"
  ],
  "timeCreated": "2022-01-17T03:00:17.716Z",
  "updated": "2022-01-17T03:00:17.717Z",
  "size": 11324,
  "md5Hash": "wLVKdDvU6ednCEQhXsAntw==",
  "crc32c": "1109285465"
}