{
  "name": "warzone/marshal.png",
  "bucket": "default-bucket",
  "contentType": "image/png",
  "metageneration": 1,
  "generation": 1642388417752,
  "storageClass": "STANDARD",
  "etag": "someETag",
  "contentDisposition": "inline",
  "contentEncoding": "identity",
  "downloadTokens": [
    "49f67082-3b99-40bf-833a-27a6045ccdfa"
  ],
  "timeCreated": "2022-01-17T03:00:17.751Z",
  "updated": "2022-01-17T03:00:17.751Z",
  "size": 13114,
  "md5Hash": "V5vaL45rAe8fg7xt6/NrIA==",
  "crc32c": "2033727212"
}