{
  "name": "warzone/mg34.png",
  "bucket": "default-bucket",
  "contentType": "image/png",
  "metageneration": 1,
  "generation": 1642388417765,
  "storageClass": "STANDARD",
  "etag": "someETag",
  "contentDisposition": "inline",
  "contentEncoding": "identity",
  "downloadTokens": [
    "7d0c1a17-ff2d-4af3-9d6a-751ac2142f4b"
  ],
  "timeCreated": "2022-01-17T03:00:17.764Z",
  "updated": "2022-01-17T03:00:17.765Z",
  "size": 45292,
  "md5Hash": "XXtqkUR/tsbhBU9rAZDHwg==",
  "crc32c": "413443616"
}