{
  "name": "warzone/milano-821.png",
  "bucket": "default-bucket",
  "contentType": "image/png",
  "metageneration": 1,
  "generation": 1642388417741,
  "storageClass": "STANDARD",
  "etag": "someETag",
  "contentDisposition": "inline",
  "contentEncoding": "identity",
  "downloadTokens": [
    "91604b2a-8769-4d97-be1a-f68304e03520"
  ],
  "timeCreated": "2022-01-17T03:00:17.740Z",
  "updated": "2022-01-17T03:00:17.741Z",
  "size": 30656,
  "md5Hash": "1wCrYc3pJMBObrvC4hgQBw==",
  "crc32c": "2730072392"
}