{
  "name": "warzone/model-680.png",
  "bucket": "default-bucket",
  "contentType": "image/png",
  "metageneration": 1,
  "generation": 1642388417795,
  "storageClass": "STANDARD",
  "etag": "someETag",
  "contentDisposition": "inline",
  "contentEncoding": "identity",
  "downloadTokens": [
    "763d3df6-50f7-4bed-8153-0dc4ba065849"
  ],
  "timeCreated": "2022-01-17T03:00:17.794Z",
  "updated": "2022-01-17T03:00:17.795Z",
  "size": 43251,
  "md5Hash": "p1fy9rYM0LZdgNJP6pfy4A==",
  "crc32c": "3422495866"
}