{
  "name": "warzone/mp5-cw.png",
  "bucket": "default-bucket",
  "contentType": "image/png",
  "metageneration": 1,
  "generation": 1642388417800,
  "storageClass": "STANDARD",
  "etag": "someETag",
  "contentDisposition": "inline",
  "contentEncoding": "identity",
  "downloadTokens": [
    "4dc5cf87-141a-49a0-b359-f4e1531b83bf"
  ],
  "timeCreated": "2022-01-17T03:00:17.799Z",
  "updated": "2022-01-17T03:00:17.799Z",
  "size": 52236,
  "md5Hash": "NOReXlShnt8qkDwaqhs/cQ==",
  "crc32c": "3140860674"
}