{
  "name": "warzone/mp7.png",
  "bucket": "default-bucket",
  "contentType": "image/png",
  "metageneration": 1,
  "generation": 1642388417808,
  "storageClass": "STANDARD",
  "etag": "someETag",
  "contentDisposition": "inline",
  "contentEncoding": "identity",
  "downloadTokens": [
    "14d0c9ee-31f6-4f89-9aea-2b36ed51cf95"
  ],
  "timeCreated": "2022-01-17T03:00:17.807Z",
  "updated": "2022-01-17T03:00:17.808Z",
  "size": 68351,
  "md5Hash": "mWOT6oAoiRlZimu9ahOXAQ==",
  "crc32c": "1476577938"
}