{
  "name": "warzone/origin-12.png",
  "bucket": "default-bucket",
  "contentType": "image/png",
  "metageneration": 1,
  "generation": 1642388417834,
  "storageClass": "STANDARD",
  "etag": "someETag",
  "contentDisposition": "inline",
  "contentEncoding": "identity",
  "downloadTokens": [
    "ee2712c1-ed10-45b7-b9d3-2f0ad785b906"
  ],
  "timeCreated": "2022-01-17T03:00:17.833Z",
  "updated": "2022-01-17T03:00:17.834Z",
  "size": 59469,
  "md5Hash": "oPZJWC8sZQZIwDY8pf7Z0Q==",
  "crc32c": "1389780880"
}