{
  "name": "warzone/ots-9.png",
  "bucket": "default-bucket",
  "contentType": "image/png",
  "metageneration": 1,
  "generation": 1642388417837,
  "storageClass": "STANDARD",
  "etag": "someETag",
  "contentDisposition": "inline",
  "contentEncoding": "identity",
  "downloadTokens": [
    "7d4bf824-1016-4a58-8048-e0468f3faf21"
  ],
  "timeCreated": "2022-01-17T03:00:17.836Z",
  "updated": "2022-01-17T03:00:17.836Z",
  "size": 20844,
  "md5Hash": "Ux7uytIOKjsX4786N4oYKA==",
  "crc32c": "1094655457"
}