{
  "name": "warzone/owen.png",
  "bucket": "default-bucket",
  "contentType": "image/png",
  "metageneration": 1,
  "generation": 1642388417843,
  "storageClass": "STANDARD",
  "etag": "someETag",
  "contentDisposition": "inline",
  "contentEncoding": "identity",
  "downloadTokens": [
    "5824568a-2e43-44f8-8622-b2c6bdf1a397"
  ],
  "timeCreated": "2022-01-17T03:00:17.842Z",
  "updated": "2022-01-17T03:00:17.843Z",
  "size": 14766,
  "md5Hash": "gc8Q+GlOGOMjLz4qNBWjuw==",
  "crc32c": "88528836"
}