{
  "name": "warzone/panzerschreck.png",
  "bucket": "default-bucket",
  "contentType": "image/png",
  "metageneration": 1,
  "generation": 1642388417871,
  "storageClass": "STANDARD",
  "etag": "someETag",
  "contentDisposition": "inline",
  "contentEncoding": "identity",
  "downloadTokens": [
    "b7bf84dd-0d91-4d0c-b509-2e91f5bf7773"
  ],
  "timeCreated": "2022-01-17T03:00:17.870Z",
  "updated": "2022-01-17T03:00:17.870Z",
  "size": 6287,
  "md5Hash": "9KE4kEKRNRZAJywABKU5AQ==",
  "crc32c": "135118532"
}