{
  "name": "warzone/panzerfaust.png",
  "bucket": "default-bucket",
  "contentType": "image/png",
  "metageneration": 1,
  "generation": 1642388417887,
  "storageClass": "STANDARD",
  "etag": "someETag",
  "contentDisposition": "inline",
  "contentEncoding": "identity",
  "downloadTokens": [
    "08919838-324e-45a2-92c0-2328cea8550a"
  ],
  "timeCreated": "2022-01-17T03:00:17.886Z",
  "updated": "2022-01-17T03:00:17.886Z",
  "size": 3968,
  "md5Hash": "z9VI/9yiE/rgrC4yuIameg==",
  "crc32c": "2095596592"
}