{
  "name": "warzone/pp19-bizon.png",
  "bucket": "default-bucket",
  "contentType": "image/png",
  "metageneration": 1,
  "generation": 1642388417869,
  "storageClass": "STANDARD",
  "etag": "someETag",
  "contentDisposition": "inline",
  "contentEncoding": "identity",
  "downloadTokens": [
    "d4474d37-8ebc-40c3-9772-db7a97f2758c"
  ],
  "timeCreated": "2022-01-17T03:00:17.868Z",
  "updated": "2022-01-17T03:00:17.868Z",
  "size": 25433,
  "md5Hash": "PZpRKOh3dWwoxDG1xV8BuQ==",
  "crc32c": "1825517236"
}