{
  "name": "warzone/ppsh-41.png",
  "bucket": "default-bucket",
  "contentType": "image/png",
  "metageneration": 1,
  "generation": 1642388417877,
  "storageClass": "STANDARD",
  "etag": "someETag",
  "contentDisposition": "inline",
  "contentEncoding": "identity",
  "downloadTokens": [
    "6f836305-90e9-4098-9c73-37ac662c1e79"
  ],
  "timeCreated": "2022-01-17T03:00:17.876Z",
  "updated": "2022-01-17T03:00:17.876Z",
  "size": 23887,
  "md5Hash": "cKBcDmeEioaAOw7uVlOeCw==",
  "crc32c": "3913902552"
}