{
  "name": "warzone/qbz-83.png",
  "bucket": "default-bucket",
  "contentType": "image/png",
  "metageneration": 1,
  "generation": 1642388417919,
  "storageClass": "STANDARD",
  "etag": "someETag",
  "contentDisposition": "inline",
  "contentEncoding": "identity",
  "downloadTokens": [
    "6ebba33a-5946-4d77-86ef-27756f8fb806"
  ],
  "timeCreated": "2022-01-17T03:00:17.918Z",
  "updated": "2022-01-17T03:00:17.918Z",
  "size": 43358,
  "md5Hash": "UYeUDgMCWHe60i/yiofjbA==",
  "crc32c": "1304870722"
}