{
  "name": "warzone/r1-shadowhunter.png",
  "bucket": "default-bucket",
  "contentType": "image/png",
  "metageneration": 1,
  "generation": 1642388417904,
  "storageClass": "STANDARD",
  "etag": "someETag",
  "contentDisposition": "inline",
  "contentEncoding": "identity",
  "downloadTokens": [
    "664db5a8-3189-43ff-aace-5ea04b990802"
  ],
  "timeCreated": "2022-01-17T03:00:17.903Z",
  "updated": "2022-01-17T03:00:17.903Z",
  "size": 40218,
  "md5Hash": "kQkfN3K36I23bsLLSStIBA==",
  "crc32c": "3230273892"
}