{
  "name": "warzone/raal-mg.png",
  "bucket": "default-bucket",
  "contentType": "image/png",
  "metageneration": 1,
  "generation": 1642388417941,
  "storageClass": "STANDARD",
  "etag": "someETag",
  "contentDisposition": "inline",
  "contentEncoding": "identity",
  "downloadTokens": [
    "6f994f3e-0276-4a65-a294-c9b55cfab565"
  ],
  "timeCreated": "2022-01-17T03:00:17.940Z",
  "updated": "2022-01-17T03:00:17.941Z",
  "size": 49944,
  "md5Hash": "rHtbXUXJNmYxgTHW8nkyUA==",
  "crc32c": "4235909350"
}