{
  "name": "warzone/ratt.png",
  "bucket": "default-bucket",
  "contentType": "image/png",
  "metageneration": 1,
  "generation": 1642388417928,
  "storageClass": "STANDARD",
  "etag": "someETag",
  "contentDisposition": "inline",
  "contentEncoding": "identity",
  "downloadTokens": [
    "905d0a7c-22ba-4213-991d-067a090e5c8b"
  ],
  "timeCreated": "2022-01-17T03:00:17.927Z",
  "updated": "2022-01-17T03:00:17.927Z",
  "size": 9643,
  "md5Hash": "qWTqiUkCwtCtRSWztubhwA==",
  "crc32c": "494950016"
}