{
  "name": "warzone/renetti.png",
  "bucket": "default-bucket",
  "contentType": "image/png",
  "metageneration": 1,
  "generation": 1642388417938,
  "storageClass": "STANDARD",
  "etag": "someETag",
  "contentDisposition": "inline",
  "contentEncoding": "identity",
  "downloadTokens": [
    "ca9887c4-8932-4b3a-96b4-5f709b7ccaea"
  ],
  "timeCreated": "2022-01-17T03:00:17.937Z",
  "updated": "2022-01-17T03:00:17.937Z",
  "size": 43771,
  "md5Hash": "1m2p/k1S5tNI0mnzyFYB4g==",
  "crc32c": "3528001191"
}