{
  "name": "warzone/rytec-amr.png",
  "bucket": "default-bucket",
  "contentType": "image/png",
  "metageneration": 1,
  "generation": 1642388417967,
  "storageClass": "STANDARD",
  "etag": "someETag",
  "contentDisposition": "inline",
  "contentEncoding": "identity",
  "downloadTokens": [
    "e685385a-63d1-4e70-812f-da809abdf62a"
  ],
  "timeCreated": "2022-01-17T03:00:17.966Z",
  "updated": "2022-01-17T03:00:17.966Z",
  "size": 47935,
  "md5Hash": "9A1sMXgXv9HF3wGidkGPfg==",
  "crc32c": "662497673"
}