{
  "name": "warzone/sks.png",
  "bucket": "default-bucket",
  "contentType": "image/png",
  "metageneration": 1,
  "generation": 1642388417974,
  "storageClass": "STANDARD",
  "etag": "someETag",
  "contentDisposition": "inline",
  "contentEncoding": "identity",
  "downloadTokens": [
    "9d8ae22c-3a96-4df3-8e13-1bf46e696799"
  ],
  "timeCreated": "2022-01-17T03:00:17.973Z",
  "updated": "2022-01-17T03:00:17.973Z",
  "size": 45018,
  "md5Hash": "g+fIcGZoRiYp6Q95G3EPSw==",
  "crc32c": "4019152594"
}