{
  "name": "warzone/stoner-63.png",
  "bucket": "default-bucket",
  "contentType": "image/png",
  "metageneration": 1,
  "generation": 1642388418004,
  "storageClass": "STANDARD",
  "etag": "someETag",
  "contentDisposition": "inline",
  "contentEncoding": "identity",
  "downloadTokens": [
    "d8c794cc-2ccf-4e6f-82ba-fb47e0ce45f7"
  ],
  "timeCreated": "2022-01-17T03:00:18.003Z",
  "updated": "2022-01-17T03:00:18.003Z",
  "size": 37104,
  "md5Hash": "DltbPTS1296z9XaIv9xhNA==",
  "crc32c": "2622218271"
}