{
  "name": "warzone/striker-45.png",
  "bucket": "default-bucket",
  "contentType": "image/png",
  "metageneration": 1,
  "generation": 1642388418050,
  "storageClass": "STANDARD",
  "etag": "someETag",
  "contentDisposition": "inline",
  "contentEncoding": "identity",
  "downloadTokens": [
    "8e7b99dc-a397-4eb9-80ed-04e872cc88b5"
  ],
  "timeCreated": "2022-01-17T03:00:18.049Z",
  "updated": "2022-01-17T03:00:18.054Z",
  "size": 76240,
  "md5Hash": "BcO65Q0kFH6NOY3MysLWSQ==",
  "crc32c": "1239878899"
}