{
  "name": "warzone/svt-40.png",
  "bucket": "default-bucket",
  "contentType": "image/png",
  "metageneration": 1,
  "generation": 1642388418019,
  "storageClass": "STANDARD",
  "etag": "someETag",
  "contentDisposition": "inline",
  "contentEncoding": "identity",
  "downloadTokens": [
    "89bfcbb7-f84c-4751-8277-c7ad34f87030"
  ],
  "timeCreated": "2022-01-17T03:00:18.018Z",
  "updated": "2022-01-17T03:00:18.019Z",
  "size": 12712,
  "md5Hash": "i/P1vFdmfSF+/VVQIU//Ng==",
  "crc32c": "1436641821"
}