{
  "name": "warzone/swiss-k31.png",
  "bucket": "default-bucket",
  "contentType": "image/png",
  "metageneration": 1,
  "generation": 1642388418044,
  "storageClass": "STANDARD",
  "etag": "someETag",
  "contentDisposition": "inline",
  "contentEncoding": "identity",
  "downloadTokens": [
    "25cfba23-3ad8-40a4-ab14-dccd5465fc52"
  ],
  "timeCreated": "2022-01-17T03:00:18.043Z",
  "updated": "2022-01-17T03:00:18.044Z",
  "size": 42267,
  "md5Hash": "BsZ9mq6odk72cL01AMb8ug==",
  "crc32c": "485956512"
}