{
  "name": "warzone/tec-9.png",
  "bucket": "default-bucket",
  "contentType": "image/png",
  "metageneration": 1,
  "generation": 1642388418098,
  "storageClass": "STANDARD",
  "etag": "someETag",
  "contentDisposition": "inline",
  "contentEncoding": "identity",
  "downloadTokens": [
    "a325a173-89a1-4733-b30c-ead018755d95"
  ],
  "timeCreated": "2022-01-17T03:00:18.097Z",
  "updated": "2022-01-17T03:00:18.099Z",
  "size": 26215,
  "md5Hash": "Zwc6CaQQXISmyOVVvHWzJg==",
  "crc32c": "4028393970"
}