{
  "name": "warzone/type-99.png",
  "bucket": "default-bucket",
  "contentType": "image/png",
  "metageneration": 1,
  "generation": 1642388418157,
  "storageClass": "STANDARD",
  "etag": "someETag",
  "contentDisposition": "inline",
  "contentEncoding": "identity",
  "downloadTokens": [
    "aaf68143-b23c-45a2-84f2-12eb7398760f"
  ],
  "timeCreated": "2022-01-17T03:00:18.156Z",
  "updated": "2022-01-17T03:00:18.156Z",
  "size": 9800,
  "md5Hash": "cIdOB+rsKcQWO2iVMU4aAQ==",
  "crc32c": "2133123634"
}