{
  "name": "warzone/volkssturmgewehr.png",
  "bucket": "default-bucket",
  "contentType": "image/png",
  "metageneration": 1,
  "generation": 1642388418121,
  "storageClass": "STANDARD",
  "etag": "someETag",
  "contentDisposition": "inline",
  "contentEncoding": "identity",
  "downloadTokens": [
    "57b42af4-4c4d-43d0-9117-1c7e65d3ce81"
  ],
  "timeCreated": "2022-01-17T03:00:18.120Z",
  "updated": "2022-01-17T03:00:18.120Z",
  "size": 13972,
  "md5Hash": "Xk54jp6dGNorFuFOtX43zg==",
  "crc32c": "2450189154"
}