{
  "name": "warzone/zrg-20mm.png",
  "bucket": "default-bucket",
  "contentType": "image/png",
  "metageneration": 1,
  "generation": 1642388418196,
  "storageClass": "STANDARD",
  "etag": "someETag",
  "contentDisposition": "inline",
  "contentEncoding": "identity",
  "downloadTokens": [
    "c6d4f198-d055-4b48-885c-52e703df3b6a"
  ],
  "timeCreated": "2022-01-17T03:00:18.195Z",
  "updated": "2022-01-17T03:00:18.195Z",
  "size": 46553,
  "md5Hash": "W8DyyjLD0uZpO8IsZ8Ugjw==",
  "crc32c": "2881314882"
}